<?xml version="1.0"?>
<!DOCTYPE hibernate-mapping PUBLIC 
	"-//Hibernate/Hibernate Mapping DTD 3.0//EN"
	"http://www.hibernate.org/dtd/hibernate-mapping-3.0.dtd">

<!-- Generated Nov 11, 2023, 8:06:23 PM by Hibernate Tools 3.6.2.Final -->
<hibernate-mapping>

<class name="com.java.hib.ProviderDetails" table="PROVIDER_DETAILS">

	<id name="providerid" type="java.lang.String">
<column name="PROVIDERID" />
 <generator class="assigned" />
  </id>
  
 <property name="email" type="java.lang.String">
<column name="EMAIL" />
  </property>
  
 <property name="username" type="java.lang.String" >
<column name="USERNAME" />
  </property>

<property name="firstname" type="java.lang.String">
<column name="FIRSTNAME" />
  </property>
  
<property name="lastname" type="java.lang.String">
<column name="LASTNAME" />
  </property>

<property name="phoneno" type="java.lang.String">
<column name="PHONENO" />
  </property>

    <property name="gender">
<column name="GENDER" />
  <type name="org.hibernate.type.EnumType">
    <param name="enumClass">com.java.hib.Gender</param>
    <param name="type">12</param>
  </type>
  </property>
  
<property name="specialty" type="java.lang.String">
<column name="SPECIALTY" />
  </property>

<property name="address" type="java.lang.String">
<column name="ADDRESS" />
  </property>

<property name="LicenseNumber" type="java.lang.String">
<column name="LICENSENUMBER"/>
</property>

<property name="qualification" type="java.lang.String">
<column name="QUALIFICATION"/>
</property>

<property name="status" type="java.lang.String">
<column name="STATUS"/>
</property>

<property name="DateOfBirth" type="java.util.Date">
<column name="DATEOFBIRTH"/>
</property>

<property name="Enrollmentdate" type="java.util.Date">
<column name="ENROLLMENTDATE"/>
</property>


</class>

</hibernate-mapping>